company_id,equity_capital,reserves,borrowings,total_assets,pros,cons,confidence,rating
ABB,21.0,3500,60,5063,Strong Reserve Base; Low Borrowings; Healthy Fixed Asset Base,Weak Asset Position,85,Good
ADANIENSOL,1201.0,19784,39009,69107,Strong Reserve Base; Healthy Fixed Asset Base; Investment Portfolio Available,High Borrowings; Weak Asset Position,75,Average
ADANIENT,114.0,41782,80427,181768,Strong Reserve Base; Healthy Fixed Asset Base; Investment Portfolio Available,High Borrowings; Weak Asset Position,75,Average
ADANIGREEN,1584.0,8992,67430,98258,Strong Reserve Base; Healthy Fixed Asset Base; Investment Portfolio Available,High Borrowings; Weak Asset Position,75,Average
ADANIPORTS,432.0,56744,50485,126015,Strong Reserve Base; Healthy Fixed Asset Base; Investment Portfolio Available,High Borrowings; Weak Asset Position,75,Average
ADANIPOWER,3857.0,52097,37705,110784,Strong Reserve Base; Healthy Fixed Asset Base; Investment Portfolio Available,High Borrowings; Weak Asset Position,75,Average
AMBUJACEM,493.0,49883,779,76572,Strong Reserve Base; Low Borrowings; Healthy Fixed Asset Base; Investment Portfolio Available,Weak Asset Position,85,Good
APOLLOHOSP,72.0,7429,7371,19548,Strong Reserve Base; Healthy Fixed Asset Base; Investment Portfolio Available,High Borrowings; Weak Asset Position,75,Average
ASIANPAINT,96.0,17928,2516,29474,Strong Reserve Base; Low Borrowings; Healthy Fixed Asset Base; Investment Portfolio Available,Weak Asset Position,85,Good
ATGL,110.0,3801,1457,6842,Strong Reserve Base; Low Borrowings; Healthy Fixed Asset Base; Investment Portfolio Available,Weak Asset Position,85,Good
AXISBANK,617.0,156406,1295302,1518239,Strong Reserve Base; Healthy Fixed Asset Base; Investment Portfolio Available,High Borrowings; Weak Asset Position,75,Average
BAJAJ-AUTO,279.0,30700,5245,45842,Strong Reserve Base; Low Borrowings; Healthy Fixed Asset Base; Investment Portfolio Available,Weak Asset Position,85,Good
BAJAJFINSV,160.0,68165,318675,601195,Strong Reserve Base; Healthy Fixed Asset Base; Investment Portfolio Available,High Borrowings; Weak Asset Position,75,Average
BAJAJHLDNG,111.0,59712,47,72533,Strong Reserve Base; Low Borrowings; Healthy Fixed Asset Base; Investment Portfolio Available,Weak Asset Position,85,Good
BAJFINANCE,124.0,86679,324218,420656,Strong Reserve Base; Healthy Fixed Asset Base; Investment Portfolio Available,High Borrowings; Weak Asset Position,75,Average
BANKBARODA,1036.0,118677,1453761,1654775,Strong Reserve Base; Healthy Fixed Asset Base; Investment Portfolio Available,High Borrowings; Weak Asset Position,75,Average
BEL,11.0,80,78,225,Strong Reserve Base; Healthy Fixed Asset Base; Investment Portfolio Available,High Borrowings; Weak Asset Position,75,Average
BHARTIARTL,2896.0,84202,225541,460982,Strong Reserve Base; Healthy Fixed Asset Base; Investment Portfolio Available,High Borrowings; Weak Asset Position,75,Average
BHEL,696.0,23503,9128,61793,Strong Reserve Base; Low Borrowings; Healthy Fixed Asset Base; Investment Portfolio Available,Weak Asset Position,85,Good
BOSCHLTD,30.0,12708,31,18521,Strong Reserve Base; Low Borrowings; Healthy Fixed Asset Base; Investment Portfolio Available,Weak Asset Position,85,Good
BPCL,4273.0,72835,58880,211226,Strong Reserve Base; Low Borrowings; Healthy Fixed Asset Base; Investment Portfolio Available,Weak Asset Position,85,Good
BRITANNIA,24.0,3186,2754,9467,Strong Reserve Base; Low Borrowings; Healthy Fixed Asset Base; Investment Portfolio Available,Weak Asset Position,85,Good
CANBK,1814.0,90319,1369780,1535018,Strong Reserve Base; Healthy Fixed Asset Base; Investment Portfolio Available,High Borrowings; Weak Asset Position,75,Average
CHOLAFIN,168.0,21243,157943,181945,Strong Reserve Base; Healthy Fixed Asset Base; Investment Portfolio Available,High Borrowings; Weak Asset Position,75,Average
CIPLA,162.0,28201,461,34655,Strong Reserve Base; Low Borrowings; Healthy Fixed Asset Base; Investment Portfolio Available,Weak Asset Position,85,Good
COALINDIA,6163.0,90034,7816,249359,Strong Reserve Base; Low Borrowings; Healthy Fixed Asset Base; Investment Portfolio Available,Weak Asset Position,85,Good
DABUR,177.0,10185,1752,16373,Strong Reserve Base; Low Borrowings; Healthy Fixed Asset Base; Investment Portfolio Available,Weak Asset Position,85,Good
DIVISLAB,53.0,13664,8,15586,Strong Reserve Base; Low Borrowings; Healthy Fixed Asset Base; Investment Portfolio Available,Weak Asset Position,85,Good
DLF,495.0,39732,4290,62579,Strong Reserve Base; Low Borrowings; Healthy Fixed Asset Base; Investment Portfolio Available,Weak Asset Position,85,Good
DMART,651.0,19487,713,23040,Strong Reserve Base; Low Borrowings; Healthy Fixed Asset Base; Investment Portfolio Available,Weak Asset Position,85,Good
DRREDDY,83.0,30666,4854,46728,Strong Reserve Base; Low Borrowings; Healthy Fixed Asset Base; Investment Portfolio Available,Weak Asset Position,85,Good
EICHERMOT,27.0,18952,404,24380,Strong Reserve Base; Low Borrowings; Healthy Fixed Asset Base; Investment Portfolio Available,Weak Asset Position,85,Good
GAIL,6575.0,77234,19632,128989,Strong Reserve Base; Low Borrowings; Healthy Fixed Asset Base; Investment Portfolio Available,Weak Asset Position,85,Good
GODREJCP,102.0,12068,3828,18984,Strong Reserve Base; Low Borrowings; Healthy Fixed Asset Base; Investment Portfolio Available,Weak Asset Position,85,Good
GRASIM,134.0,92784,158159,448454,Strong Reserve Base; Healthy Fixed Asset Base; Investment Portfolio Available,High Borrowings; Weak Asset Position,75,Average
HAL,5.0,202,124,476,Strong Reserve Base; Low Borrowings; Healthy Fixed Asset Base; Investment Portfolio Available,Weak Asset Position,85,Good
HCLTECH,543.0,68332,5791,99763,Strong Reserve Base; Low Borrowings; Healthy Fixed Asset Base; Investment Portfolio Available,Weak Asset Position,85,Good
HAVELLS,63.0,7731,332,12843,Strong Reserve Base; Low Borrowings; Healthy Fixed Asset Base; Investment Portfolio Available,Weak Asset Position,85,Good
HDFCBANK,760.0,455636,3107503,4030194,Strong Reserve Base; Healthy Fixed Asset Base; Investment Portfolio Available,High Borrowings; Weak Asset Position,75,Average
HDFCLIFE,2152.0,13452,950,336755,Strong Reserve Base; Low Borrowings; Healthy Fixed Asset Base; Investment Portfolio Available,Weak Asset Position,85,Good
HEROMOTOCO,40.0,18971,588,29261,Strong Reserve Base; Low Borrowings; Healthy Fixed Asset Base; Investment Portfolio Available,Weak Asset Position,85,Good
HINDALCO,222.0,114954,60959,252264,Strong Reserve Base; Low Borrowings; Healthy Fixed Asset Base; Investment Portfolio Available,Weak Asset Position,85,Good
HINDUNILVR,235.0,50541,1651,80765,Strong Reserve Base; Low Borrowings; Healthy Fixed Asset Base; Investment Portfolio Available,Weak Asset Position,85,Good
ICICIBANK,1405.0,254739,1651008,2364063,Strong Reserve Base; Healthy Fixed Asset Base; Investment Portfolio Available,High Borrowings; Weak Asset Position,75,Average
ICICIGI,495.0,13130,0,68014,Strong Reserve Base; Low Borrowings; Healthy Fixed Asset Base; Investment Portfolio Available,Weak Asset Position,85,Good
ICICIPRULI,1444.0,10130,0,326838,Strong Reserve Base; Low Borrowings; Healthy Fixed Asset Base; Investment Portfolio Available,Weak Asset Position,85,Good
INDIGO,48.0,905,20,1239,Strong Reserve Base; Low Borrowings; Healthy Fixed Asset Base; Investment Portfolio Available,Weak Asset Position,85,Good
INDUSINDBK,778.0,62019,432404,514935,Strong Reserve Base; Healthy Fixed Asset Base; Investment Portfolio Available,High Borrowings; Weak Asset Position,75,Average
INFY,2072.0,88391,8804,141870,Strong Reserve Base; Low Borrowings; Healthy Fixed Asset Base; Investment Portfolio Available,Weak Asset Position,85,Good
IOC,13772.0,167594,163401,510310,Strong Reserve Base; Healthy Fixed Asset Base; Investment Portfolio Available,High Borrowings; Weak Asset Position,75,Average
IRCTC,160.0,3363,42,6800,Strong Reserve Base; Low Borrowings; Healthy Fixed Asset Base; Investment Portfolio Available,Weak Asset Position,85,Good
IRFC,13069.0,38396,403111,494348,Strong Reserve Base; Healthy Fixed Asset Base; Investment Portfolio Available,High Borrowings; Weak Asset Position,75,Average
ITC,1251.0,74015,304,94071,Strong Reserve Base; Low Borrowings; Healthy Fixed Asset Base; Investment Portfolio Available,Weak Asset Position,85,Good
ONGC,6290.0,345986,191489,757614,Strong Reserve Base; Low Borrowings; Healthy Fixed Asset Base; Investment Portfolio Available,Weak Asset Position,85,Good
NTPC,9697.0,158575,242009,492230,Strong Reserve Base; Healthy Fixed Asset Base; Investment Portfolio Available,High Borrowings; Weak Asset Position,75,Average
NHPC,10045.0,30104,34210,97681,Strong Reserve Base; Healthy Fixed Asset Base; Investment Portfolio Available,High Borrowings; Weak Asset Position,75,Average
NESTLEIND,96.0,3894,370,11108,Strong Reserve Base; Low Borrowings; Healthy Fixed Asset Base; Investment Portfolio Available,Weak Asset Position,85,Good
NAUKRI,129.0,41659,256,50186,Strong Reserve Base; Low Borrowings; Healthy Fixed Asset Base; Investment Portfolio Available,Weak Asset Position,85,Good
MOTHERSON,704.0,31930,25417,97879,Strong Reserve Base; Low Borrowings; Healthy Fixed Asset Base; Investment Portfolio Available,Weak Asset Position,85,Good
MARUTI,157.0,88969,158,121696,Strong Reserve Base; Low Borrowings; Healthy Fixed Asset Base; Investment Portfolio Available,Weak Asset Position,85,Good
M&M,558.0,69944,116844,255280,Strong Reserve Base; Healthy Fixed Asset Base; Investment Portfolio Available,High Borrowings; Weak Asset Position,75,Average
LTIM,30.0,21045,2326,28761,Strong Reserve Base; Low Borrowings; Healthy Fixed Asset Base; Investment Portfolio Available,Weak Asset Position,85,Good
LT,30.0,21045,2326,28761,Strong Reserve Base; Low Borrowings; Healthy Fixed Asset Base; Investment Portfolio Available,Weak Asset Position,85,Good
LODHA,995.0,17189,7990,47385,Strong Reserve Base; Low Borrowings; Healthy Fixed Asset Base; Investment Portfolio Available,Weak Asset Position,85,Good
LICI,6325.0,91312,10,5719121,Strong Reserve Base; Low Borrowings; Healthy Fixed Asset Base; Investment Portfolio Available,Weak Asset Position,85,Good
KOTAKBANK,994.0,128978,520374,767667,Strong Reserve Base; Healthy Fixed Asset Base; Investment Portfolio Available,High Borrowings; Weak Asset Position,75,Average
JSWSTEEL,305.0,79361,95258,233168,Strong Reserve Base; Healthy Fixed Asset Base; Investment Portfolio Available,High Borrowings; Weak Asset Position,75,Average
JSWENERGY,1745.0,26226,30853,64932,Strong Reserve Base; Healthy Fixed Asset Base; Investment Portfolio Available,High Borrowings; Weak Asset Position,75,Average
JIOFIN,6353.0,130791,0,144222,Strong Reserve Base; Low Borrowings; Healthy Fixed Asset Base; Investment Portfolio Available,Weak Asset Position,85,Good
JINDALSTEL,101.0,47240,17266,82771,Strong Reserve Base; Low Borrowings; Healthy Fixed Asset Base; Investment Portfolio Available,Weak Asset Position,85,Good
PFC,3300.0,106746,910447,1103361,Strong Reserve Base; Healthy Fixed Asset Base; Investment Portfolio Available,High Borrowings; Weak Asset Position,75,Average
PIDILITIND,51.0,8664,379,12755,Strong Reserve Base; Low Borrowings; Healthy Fixed Asset Base; Investment Portfolio Available,Weak Asset Position,85,Good
PNB,260.0,14673,55017,72371,Strong Reserve Base; Healthy Fixed Asset Base; Investment Portfolio Available,High Borrowings; Weak Asset Position,75,Average
POWERGRID,9301.0,82760,122568,255297,Strong Reserve Base; Healthy Fixed Asset Base; Investment Portfolio Available,High Borrowings; Weak Asset Position,75,Average
RECLTD,2633.0,70877,483617,595227,Strong Reserve Base; Healthy Fixed Asset Base; Investment Portfolio Available,High Borrowings; Weak Asset Position,75,Average
RELIANCE,6766.0,812687,357525,1815123,Strong Reserve Base; Low Borrowings; Healthy Fixed Asset Base; Investment Portfolio Available,Weak Asset Position,85,Good
SBILIFE,1002.0,15257,0,448497,Strong Reserve Base; Low Borrowings; Healthy Fixed Asset Base; Investment Portfolio Available,Weak Asset Position,85,Good
ZYDUSLIFE,101.0,21724,190,31446,Strong Reserve Base; Low Borrowings; Healthy Fixed Asset Base; Investment Portfolio Available,Weak Asset Position,85,Good
SHREECEM,36.0,20843,1682,27859,Strong Reserve Base; Low Borrowings; Healthy Fixed Asset Base; Investment Portfolio Available,Weak Asset Position,85,Good
ZOMATO,872.0,20446,1159,25205,Strong Reserve Base; Low Borrowings; Healthy Fixed Asset Base; Investment Portfolio Available,Weak Asset Position,85,Good
WIPRO,1046.0,80330,19282,125552,Strong Reserve Base; Low Borrowings; Healthy Fixed Asset Base; Investment Portfolio Available,Weak Asset Position,85,Good
VEDL,391.0,37097,79808,205175,Strong Reserve Base; Healthy Fixed Asset Base; Investment Portfolio Available,High Borrowings; Weak Asset Position,75,Average
SHRIRAMFIN,376.0,52016,207820,275087,Strong Reserve Base; Healthy Fixed Asset Base; Investment Portfolio Available,High Borrowings; Weak Asset Position,75,Average
SIEMENS,71.0,15286,279,25299,Strong Reserve Base; Low Borrowings; Healthy Fixed Asset Base; Investment Portfolio Available,Weak Asset Position,85,Good
UNITDSPR,145.0,7487,518,11955,Strong Reserve Base; Low Borrowings; Healthy Fixed Asset Base; Investment Portfolio Available,Weak Asset Position,85,Good
UNIONBANK,7634.0,89964,1251568,1401996,Strong Reserve Base; Healthy Fixed Asset Base; Investment Portfolio Available,High Borrowings; Weak Asset Position,75,Average
SUNPHARMA,240.0,68875,2572,88116,Strong Reserve Base; Low Borrowings; Healthy Fixed Asset Base; Investment Portfolio Available,Weak Asset Position,85,Good
ULTRACEMCO,289.0,61076,16964,107611,Strong Reserve Base; Low Borrowings; Healthy Fixed Asset Base; Investment Portfolio Available,Weak Asset Position,85,Good
TVSMOTOR,48.0,7712,14619,44946,Strong Reserve Base; Healthy Fixed Asset Base; Investment Portfolio Available,High Borrowings; Weak Asset Position,75,Average
TRENT,36.0,4644,1842,8274,Strong Reserve Base; Low Borrowings; Healthy Fixed Asset Base; Investment Portfolio Available,Weak Asset Position,85,Good
TORNTPHARM,169.0,7335,3128,15088,Strong Reserve Base; Low Borrowings; Healthy Fixed Asset Base; Investment Portfolio Available,Weak Asset Position,85,Good
TITAN,89.0,9647,21648,38826,Strong Reserve Base; Healthy Fixed Asset Base; Investment Portfolio Available,High Borrowings; Weak Asset Position,75,Average
TECHM,442.0,26004,2035,42827,Strong Reserve Base; Low Borrowings; Healthy Fixed Asset Base; Investment Portfolio Available,Weak Asset Position,85,Good
TATACONSUM,99.0,19033,2955,30970,Strong Reserve Base; Low Borrowings; Healthy Fixed Asset Base; Investment Portfolio Available,Weak Asset Position,85,Good
TCS,362.0,101133,9046,161124,Strong Reserve Base; Low Borrowings; Healthy Fixed Asset Base; Investment Portfolio Available,Weak Asset Position,85,Good
TATASTEEL,1247.0,88900,99392,280841,Strong Reserve Base; Healthy Fixed Asset Base; Investment Portfolio Available,High Borrowings; Weak Asset Position,75,Average
TATAPOWER,320.0,33360,58314,145130,Strong Reserve Base; Healthy Fixed Asset Base; Investment Portfolio Available,High Borrowings; Weak Asset Position,75,Average
TATAMOTORS,736.0,100326,106549,390656,Strong Reserve Base; Low Borrowings; Healthy Fixed Asset Base; Investment Portfolio Available,Weak Asset Position,85,Good
